row major, column major
222968177,774861230,
149475376,774302326,
150036589,773224177,
154771256,800650510,
152561050,776208817,
150697929,779505636,
149757530,771213410,
150246894,772223730,
149177806,773155182,
150448999,776973219,
150478853,774784325,
149026244,775268876,
150562079,774937781,
150318693,775008716,
149662461,779075180,
154569757,790154199,
152170118,774385201,
151004960,774761702,
150168114,776269356,
150757251,774281264,
150581303,776711605,
150427395,774395476,
150010634,777218742,
151927640,775171232,
150257332,776458343,
151199105,775289088,
150227233,778525963,
154253145,788692629,
150776724,778320575,
149767828,775895562,
